{
    "frame_states": [
        1, 
        1, 
        1, 
        1, 
        1, 
        1, 
        1, 
        1, 
        1, 
        1, 
        1, 
        1, 
        1, 
        1, 
        1, 
        1, 
        1, 
        1, 
        1, 
        1, 
        1, 
        1, 
        1, 
        1, 
        1, 
        1, 
        1, 
        1, 
        1, 
        1, 
        1, 
        1, 
        1, 
        1, 
        1
    ], 
    "phase1": {
        "rmsdiffs": [
            6.853784081690986, 
            4.435601471149488, 
            4.6883817647908534, 
            4.7673005382507165, 
            4.108064683554844, 
            4.536400096514261, 
            4.769013861408499, 
            4.7661217576384995, 
            4.054395977324745, 
            4.656946151526478, 
            4.601822618664156, 
            4.844461882722129, 
            5.110810746863035, 
            4.121400472214231, 
            5.203624238286084, 
            5.007132025354361, 
            5.416457257933408, 
            3.943979558297356, 
            3.2982161022019936, 
            4.748714732286526, 
            4.223580402461502, 
            4.003007338501997, 
            4.212221385278728, 
            4.067777921193097, 
            5.4169682885096035, 
            3.942591051474188, 
            4.119981595279521, 
            3.816790304850107, 
            4.453923519155294, 
            4.104355574224258, 
            4.3625534252980085, 
            4.413708809514066, 
            4.0658074771410995, 
            4.170803150401724, 
            5.610904766358742
        ], 
        "shift_vectors": [
            [
                -1, 
                -8
            ], 
            [
                0, 
                1
            ], 
            [
                0, 
                -1
            ], 
            [
                0, 
                1
            ], 
            [
                -1, 
                0
            ], 
            [
                0, 
                1
            ], 
            [
                0, 
                1
            ], 
            [
                0, 
                -1
            ], 
            [
                0, 
                1
            ], 
            [
                0, 
                -1
            ], 
            [
                0, 
                1
            ], 
            [
                0, 
                1
            ], 
            [
                0, 
                1
            ], 
            [
                0, 
                -1
            ], 
            [
                1, 
                -2
            ], 
            [
                1, 
                -2
            ], 
            [
                0, 
                1
            ], 
            [
                0, 
                -1
            ], 
            [
                0, 
                -1
            ], 
            [
                0, 
                -1
            ], 
            [
                1, 
                2
            ], 
            [
                0, 
                3
            ], 
            [
                0, 
                3
            ], 
            [
                1, 
                2
            ], 
            [
                0, 
                1
            ], 
            [
                0, 
                -1
            ], 
            [
                -1, 
                -2
            ], 
            [
                0, 
                -1
            ], 
            [
                0, 
                -1
            ], 
            [
                0, 
                -1
            ], 
            [
                0, 
                -1
            ], 
            [
                0, 
                3
            ], 
            [
                0, 
                3
            ], 
            [
                1, 
                2
            ], 
            [
                1, 
                -2
            ]
        ], 
        "stand_dev": [
            96.16020580511606, 
            95.68584744557981, 
            95.55845990608461, 
            95.50043142593755, 
            95.44694297203198, 
            95.50497387336989, 
            95.56746194170326, 
            95.67627051250331, 
            95.67325720776934, 
            95.67320678795726, 
            95.62574257380642, 
            95.60766069072348, 
            95.51807982771163, 
            95.53739189222347, 
            95.68863770229575, 
            95.87998840128272, 
            95.85681358544859, 
            95.81213682930309, 
            95.72491701161574, 
            95.78513012545729, 
            95.86038617213234, 
            95.90839561290402, 
            96.02768847087123, 
            96.06556483660849, 
            96.31366129330894, 
            96.32327849636417, 
            96.23765476087192, 
            96.21052312964198, 
            96.11614500348858, 
            96.1417670883887, 
            96.10045188784544, 
            96.17434583907941, 
            96.34052862341275, 
            96.75837370857357, 
            96.92086907619414
        ]
    }
}